"","batter_name","mean(launch_speed, na.rm = TRUE)","launch_speedten","launch_speedtwnety","launch_speedthirty","launch_speedforty","median(launch_speed, na.rm = TRUE)","launch_speedsixty","launch_speedseventy","launch_speedeighty","launch_speedninety","launch_speedninetynine","maxev","launch_speedfirstquartile","launch_speedthirdquartile","n()"
"1","Abrams, CJ",93.6311320754717,80.5,86.32,89.73,93.08,95.45,97.52,99.2,102.18,104.09,108.289,109.9,87.45,101.05,212
"2","Abreu, José",91.1394736842105,80.52,81.66,85.7,88.6,93.45,95.22,96.67,99,101.53,104.797,105.5,85.125,97.575,38
"3","Abreu, Wilyer",94.386875,78.96,85.88,90.21,94.12,95.95,98.3,101.16,103.64,106.51,111.964,114.4,88,102.825,160
"4","Acuña Jr., Ronald",95.1967741935484,76.99,85.94,91.56,94.94,98,100.2,101.75,104.18,109.35,113.59,114.2,88.8,103.1,62
"5","Adames, Willy",93.0338461538462,76.13,83.7,89,93.36,95.35,98.44,100.73,103.1,104.93,108.805,112.3,86.075,102.025,260
"6","Adams, Riley",93.5027777777778,71.25,84.3,89.8,93,97.35,99.3,101.8,105,107.9,109.66,109.8,87.05,103.6,36
"7","Adell, Jo",96.4403846153846,80.6,88.8,92.3,94.6,97.2,99.6,103.5,107.1,110,113.88,115,91.5,105.775,156
"8","Ahmed, Nick",89.9788732394366,73.9,81.3,86.6,88.8,91.9,93.7,96.8,99.9,101.6,104.2,104.2,82.8,98.75,71
"9","Albies, Ozzie",91.4539772727273,79.35,84.1,87.5,89.4,92.4,95.1,97.05,99.1,102.1,109.2,113.7,86.15,97.95,176
"10","Alexander, Blaze",90.1061224489796,76.44,82.48,87.14,88.6,91.1,94.18,97.76,98.54,99.9,109.4,110.6,86.2,97.8,49
"11","Altuve, Jose",89.0708333333333,71.56,78.66,84.39,88.18,92.25,94.68,97.71,99.94,103.17,107.474,108.4,81.5,98.8,264
"12","Alvarez, Francisco",94.2103092783505,80.24,84.3,88.72,92.3,95.2,98.2,101.8,104.68,107,113.84,114.8,85.2,103.3,97
"13","Alvarez, Yordan",95.5404332129964,79.98,85.22,89.28,92.98,96.5,98.96,102.74,106.54,109.68,113.824,117,87.4,104.9,277
"14","Amaya, Miguel",91.3674242424242,77.02,81.94,88.44,90.84,92.95,94.56,97.37,100.28,104.5,110.373,111.3,85.625,98.6,132
"15","Anderson, Tim",91.7096774193548,77.68,80.2,86.15,90.2,93.55,95.56,97.87,101.46,103.55,107.863,108.9,82.325,99.525,62
"16","Andujar, Miguel",87.8742857142857,70.04,77.4,81.48,85.62,88.8,92.08,96.62,99.3,102.64,109.772,109.9,79.9,97.8,105
"17","Aranda, Jonathan",98.1,84.46,93.9,95.32,97.2,100.1,102.4,103.36,105.34,107.22,109.476,110.4,95,105,45
"18","Arcia, Orlando",92.7564245810056,80.58,85.88,88.44,90.52,95.1,97.06,99.12,101.26,104.12,107.31,107.8,87.2,100.1,179
"19","Arenado, Nolan",88.9347826086957,73.82,79.48,83.64,87.8,91.4,93.62,96.08,98.5,101.98,105.448,107.5,81.9,97.1,253
"20","Arias, Gabriel",96.3558139534884,82.44,87.08,90.26,92.64,96.1,101.12,105.5,107.06,108.66,112.518,113.4,89.2,106.8,43
"21","Arozarena, Randy",94.5558659217877,81.12,85.5,89.46,93.22,96.3,98.7,101.2,104.08,105.12,110.964,112.1,87.8,103.05,179
"22","Arraez, Luis",89.2934984520124,76.88,82.64,86.3,88.9,91,93.02,94.9,96.76,98.68,101.356,102.8,84.9,95.9,323
"23","Bader, Harrison",92.1426666666667,76.43,84.06,88.24,91.96,93.9,96.02,99.03,101.68,104.92,110.459,111.7,85.85,100.2,150
"24","Baldwin, Brooks",90.4042553191489,75.54,79.18,84.8,88.44,92,95.78,97.56,100.72,104.08,105.578,105.9,83.35,99.9,47
"25","Barger, Addison",92.4492957746479,74.2,83.5,87.3,91.2,94.7,98.7,100.8,105.7,108.1,109.93,110.7,85.3,102.8,71
"26","Barnes, Austin",87.6272727272727,72.9,77.2,83.52,86.52,87.45,91.14,94.31,96.72,99.76,107.167,108.5,80.4,95.675,44
"27","Bart, Joey",93.0588235294118,77.04,81.42,86.34,91.42,94.4,96.54,100.56,104.88,108.76,110.764,111.1,84.9,102.1,85
"28","Baty, Brett",91.9066666666667,76,81.48,84.98,88.44,92.2,95.78,100.6,104.44,108,111.008,111.8,83.7,103.3,45
"29","Bauers, Jake",92.6973214285714,76.12,84.8,89.23,93.18,95,96.9,99.45,102.38,105.67,108.734,110.1,87.475,101.7,112
"30","Beck, Jordan",91.3037037037037,72.4,80.52,87.45,89.68,91.9,95.18,100.84,102.74,104.51,110.44,111.5,85,101.7,54
"31","Bell, Josh",93.4712765957447,78.84,83.6,88.21,92.8,95.7,98.02,100.09,102.9,105.46,110.626,111.2,86.575,101.3,188
"32","Bellinger, Cody",90.601652892562,76.7,82.24,87.33,90.8,92.7,94.4,96.27,98.88,102.29,107.136,109.2,84.325,97.45,242
"33","Benintendi, Andrew",91.9696682464455,78.9,84.8,89.7,92.1,94,95.5,97.3,98.9,101.2,105.36,105.6,87.15,97.95,211
"34","Benson, Will",94.0196428571429,80.25,86.62,89.05,92.54,95.35,98.6,100.68,102.88,105.19,110.412,110.7,87.975,101.2,112
"35","Bethancourt, Christian",92.1553191489362,79.28,83.12,85.02,87.76,96.2,97.46,99.02,101.06,105.14,110.394,110.9,84.15,99.35,47
"36","Betts, Mookie",92.066265060241,79.5,84.72,89.1,91.6,93.8,95.88,97.7,100.14,102.02,106.832,108.2,87.4,99.1,249
"37","Biggio, Cavan",87.1379310344828,72.22,78.68,80.83,86.26,88.2,91.82,93.58,96.54,99.63,104.415,104.7,80.475,95.45,58
"38","Blackmon, Charlie",89.6414507772021,74.52,80.54,85.12,86.98,90.6,93.4,96.9,99.56,103.48,106.732,107.1,83.4,98,193
"39","Blanco, Dairon",95.1026315789474,82.19,85.96,90.47,95.36,97.6,99.62,100.58,102.36,104.49,106.771,107.4,88.75,101.825,38
"40","Bleday, JJ",90.903557312253,76.72,81.24,85.88,88.88,92.2,94.84,98.8,101.16,103.5,108.044,110.2,83.2,100.1,253
"41","Bogaerts, Xander",91.2503105590062,76.7,82.9,85.8,88.7,91.6,95.2,98.1,101.2,104.2,108.54,111.3,84.7,99.8,161
"42","Bohm, Alec",92.4416309012876,73.6,83.3,88.56,91.96,95.2,97.74,99.8,102.42,104.7,109.608,110.8,86.7,101.1,233
"43","Bouchard, Sean",93.3733333333333,82,86.5,88.44,91.06,93.75,96.8,98.12,101.62,102.92,107.724,109,88.3,99.375,30
"44","Bregman, Alex",92.7881679389313,78.15,84.84,89.13,92.4,94.95,97.26,98.97,101.68,103.29,106.378,109.1,87.625,100.6,262
"45","Brennan, Will",89.6560283687943,74.8,80.4,84.6,87.8,91.8,93.7,96.7,99.5,102.3,105.16,107.3,82.8,97.7,141
"46","Bride, Jonah",92.3576923076923,82.09,86.02,90.04,92.6,93.85,95.7,98.3,100.1,102.71,105.207,105.9,87.925,99.375,78
"47","Brown, Seth",93.9637037037037,79.14,84.74,89.5,92.48,95,98.24,100.78,103.8,106.48,110.766,110.9,86.15,102.75,135
"48","Bruján, Vidal",87.945,71.58,79.06,82.27,88.08,90.5,92.1,93.23,98.42,101.31,104.147,104.7,80.3,96.85,80
"49","Bryant, Kris",90.675,73.87,84.74,87.5,88.72,92.7,95.46,99.39,101.72,103.03,106.454,107.3,86.375,100,48
"50","Burger, Jake",95.9549738219895,80.1,87,90.8,94.8,98.1,100.5,103.6,106.7,108.5,112.89,114.9,88.7,104.6,191
"51","Busch, Michael",95.447027027027,82.98,87.94,92.32,93.72,95.6,98.14,102.14,104.4,106.3,109,109.3,91.2,102.9,185
"52","Buxton, Byron",95.6202614379085,80.42,87.74,91.46,94.86,97.3,100.5,103.1,105.96,107.78,111.868,113.2,89.4,105.2,153
"53","Caballero, José",89.3671232876712,72.3,80.2,84.15,89.1,91.35,93.9,97.75,100.5,102.2,109.33,109.9,81.65,99.175,146
"54","Cabrera, Oswaldo",89.3444444444444,73.24,78.6,84.58,88.04,91.4,94.42,96.64,98.7,101.18,105.768,106.7,83.1,98.1,117
"55","Calhoun, Willie",91.2430107526882,77.6,83.04,84.66,89,92,95.36,98.38,100.4,104.26,107.524,107.8,83.3,99.2,93
"56","Call, Alex",91.7842105263158,78.19,85.36,88.92,90.2,93,96.32,98.67,100.4,103.2,105.686,106.5,87.6,99.4,38
"57","Cameron, Daz",92.7,79.1,86.04,88.37,90.96,93.75,96.52,98.92,100.86,102.32,107.501,111.1,86.675,100.2,60
"58","Caminero, Junior",97.7775510204082,86.9,88.96,92.48,95.74,98.2,101.22,104.24,106.64,109.42,114.42,114.9,91,105.8,49
"59","Campusano, Luis",90.5669724770642,74.2,81.58,86.94,89.72,91.7,94.6,97.32,100.06,103.42,109.744,110.8,84.8,99.1,109
"60","Candelario, Jeimer",92.3461077844311,79.68,84.02,86.78,91.04,93.4,96.1,99.42,100.66,104.64,107.668,108.2,85.35,99.75,167
"61","Canha, Mark",92.7954545454545,82.81,86.82,89.25,91.94,93.65,95.6,97.74,100.48,102.19,106.638,107,87.775,99.25,132
"62","Canzone, Dominic",95.2032786885246,78.8,85.1,91,94.2,96.4,99.6,103.2,104.9,107.9,110.08,110.5,87.8,104,61
"63","Caratini, Victor",92.5329787234043,77.26,83.52,89.06,91.7,93.45,95.24,99.77,102.4,104.07,109.147,111.1,85.825,101.725,94
"64","Carlson, Dylan",89.848275862069,74.4,80.72,85.48,88.44,91.2,93.66,96.48,100.38,102.56,105.412,106.1,84.25,98.5,87
"65","Carpenter, Kerry",94.9227272727273,78.34,88.2,91.67,93.9,98.05,100.34,102.6,104.1,106.32,108.937,109.6,90.45,103.025,110
"66","Carpenter, Matt",90.64,74.22,82.2,87.3,89.46,92.9,94.94,98.92,99.7,102.02,106.284,106.5,83.85,99.35,55
"67","Carroll, Corbin",94.581862745098,80.41,84.7,90.4,93.32,96.3,98.7,102.21,103.98,106.9,111.088,111.5,88.65,103.125,204
"68","Carter, Evan",90.0294117647059,75.2,81.6,86.2,88.6,90.8,94.3,97.3,100.9,102.6,105.65,105.9,84.3,99.25,51
"69","Casali, Curt",87.0659090909091,75.82,81.6,84.56,85.66,88.4,90.38,91.88,94.88,96.62,103.597,104.5,83.375,92.975,44
"70","Casas, Triston",95.8323943661972,80.8,86.3,90.2,94.9,96.7,99.7,102.4,104.5,107.2,111.93,112,88.05,103.4,71
"71","Castellanos, Nick",91.3557620817844,75.7,82.16,86.58,89.84,93.2,95.48,97.92,101.1,104.62,109.64,113.1,84.7,99.6,269
"72","Castro, Willi",91.192,75.2,81.08,85.1,89.88,93.4,95.82,98.78,101.32,104.98,108.476,112.3,83.1,100.2,225
"73","Cave, Jake",92.2783333333333,78.97,84.52,88.28,92.16,94.25,97.12,98.76,101.22,102.95,106.224,106.8,86.225,100.525,120
"74","Chaparro, Andrés",90.776,76.75,80.06,82.04,86.3,91.95,96.92,99.58,101.96,103.61,106.904,107.1,80.75,100.3,50
"75","Chapman, Matt",96.7898148148148,81.8,88.5,90.8,94.2,97.55,100.3,104.55,106.4,109.7,112.395,114.5,89.9,105.7,216
"76","Chisholm Jr., Jazz",94.4110497237569,78.5,87.2,91.4,94,95.4,99,101.3,103.7,105.7,109.68,110.1,89.2,102,181
"77","Chourio, Jackson",93.559595959596,78.39,84.46,89.4,92.58,95.75,97.94,100.9,103.12,106.23,111.006,111.6,86.65,102.025,198
"78","Clemens, Kody",93.8688888888889,80.64,84.84,93.02,94.52,96.3,97.46,98.72,101.32,103.48,106.248,106.6,89.3,100.3,45
"79","Clement, Ernie",90.1536585365854,79,82.88,85.9,89.42,92.3,94.04,95.58,98.02,100.62,105.284,106.9,84.3,96.4,205
"80","Conforto, Michael",95.41125,79.67,83.72,89.9,95.5,97.9,100.08,103.49,106.42,109.11,113.2,113.6,88,105.1,160
"81","Contreras, William",97.9828877005348,83.36,90.7,93.66,96.64,99.4,103.12,104.82,107.6,109.78,114.992,118.1,91.9,106,187
"82","Contreras, Willson",95.2616161616162,78.02,87.4,89.64,93.34,97.6,101.48,103.66,105.6,109.1,114.222,115.3,88.85,104.2,99
"83","Cooper, Garrett",90.8390243902439,72,78.6,85.3,89.2,93.1,97,99.3,100.7,104.6,108.48,108.6,85,99.6,41
"84","Correa, Carlos",94.1160305343511,79.3,83.1,87.9,91.8,96.1,99.5,103.2,105.1,108.1,111.78,113.9,85.45,104.35,131
"85","Cowser, Colton",95.6462857142857,79.74,87.52,90.92,94.4,97.4,100.14,102.3,104.48,108.22,113.378,113.6,89.6,103.6,175
"86","Crawford, J.P.",91.4511278195489,74.22,81.14,86.56,90.46,94.7,97.02,99,102.18,103.8,107.944,108.2,85,100.5,133
"87","Crews, Dylan",94.7272727272727,78.18,84.02,90.44,96.04,97,101.22,103.98,104.52,106.68,109.312,109.6,88.3,104.4,33
"88","Cronenworth, Jake",92.527802690583,76.24,84.7,88.5,91.68,93.6,96.44,99,102.06,105.4,109.2,109.7,87.05,101.4,223
"89","Crow-Armstrong, Pete",93.9687074829932,82.4,86.42,90.58,93.52,96.1,98.36,99.66,101.36,102.9,106.87,107.2,88.4,100.55,147
"90","Cruz, Oneil",98.5083832335329,80.32,87.8,91.52,94.42,98.4,102.92,107.04,111.4,115.74,120.434,121.5,89.9,109.4,167
"91","Davis, J.D.",97.45,86.5,89,95.33,96.44,98.4,100.66,103.66,106.28,107.3,110.715,111.8,90.675,105.125,32
"92","De La Cruz, Bryan",93.6859649122807,76.47,84.96,90.43,93.96,95.8,98.12,99.99,102.26,105.26,109.092,110.5,88.3,100.95,228
"93","De La Cruz, Elly",95.9405,79.99,85.4,89.37,93.98,97.4,100.24,103.53,107.3,109.91,114.001,114.7,87.55,104.625,200
"94","DeJong, Paul",93.2523529411765,77.99,81.98,88.79,92.14,96.15,98.18,100.26,103.62,106.03,109.117,111.5,86.525,102.275,170
"95","DeLuca, Jonny",89.7883333333333,75.43,79.6,85.8,90.06,92.35,94.52,96.26,98.22,103.3,105.524,105.9,83.475,97.3,120
"96","Del Castillo, Adrian",91.15625,73.66,83.4,86.54,90.04,92,95.46,98.94,101.8,103.96,106.176,106.3,84.825,100.7,32
"97","Devers, Rafael",96.9272727272727,80.58,86.8,92.22,96.56,99.15,102.74,104.9,106.36,109,113.306,114.7,88.975,105.875,198
"98","Diaz, Yainer",94.5711627906977,77.92,83.06,89.72,94.88,96.8,99.4,102.88,104.54,107.26,111.216,111.4,87.35,103.75,215
"99","Doyle, Brenton",93.4656108597285,77.6,83.3,88.6,93.5,95.5,98.2,101.1,104.1,106.6,108.58,110.1,86.7,102.7,221
"100","Drury, Brandon",92.1838709677419,78.22,82.14,87.36,90.18,93.2,97.44,99.18,102.2,105.36,111.4,113.7,83.8,100.8,93
"101","Dubón, Mauricio",88.5682352941176,72.63,81.2,84.84,88.26,89.55,92.34,94.9,97.54,100.8,104.886,105.6,82.375,95.95,170
"102","Duran, Ezequiel",90.7329787234043,76.53,80.74,86.29,88.92,91.9,95.28,97.86,99.8,103.17,109.103,111.8,84.2,99.275,94
"103","Duran, Jarren",94.7579166666667,77.49,85.2,90.64,94.42,97.1,99.68,102,104.92,108,111.505,112.2,88.575,103.5,240
"104","Duvall, Adam",93.1119266055046,75.84,81.82,87.86,93.36,96.7,98.58,101.96,104.32,108.16,112.516,113,83.1,103.6,109
"105","Díaz, Elias",91.1763636363636,73.14,79.94,84.97,89.72,92,96.14,100.5,102.86,107.13,110.219,110.5,83,101.2,110
"106","Díaz, Yandy",94.8195652173913,79.9,84.98,89.19,93.3,95.55,98.66,102.2,104.8,107.97,114.204,117.4,87.35,103.15,184
"107","Edman, Tommy",90.262962962963,76.93,80.28,85.7,89.8,93.25,95.18,97.21,98.42,101.72,103.658,104.4,82.4,97.45,54
"108","Edwards, Xavier",89.0554455445545,76.2,81.3,86.7,88.4,90.8,93.4,95.2,96.9,99.5,102.2,102.7,84.4,96.3,101
"109","Encarnacion, Jerar",99.2825,82.91,87.86,96.47,100.48,102.75,104.62,105.45,108.24,110.24,113.947,115,90.225,106.25,40
"110","Encarnacion-Strand, Christian",94.469696969697,73.96,82.6,88.34,96.52,100.5,101.12,103.36,105.16,108,111.988,113.3,84,104.1,33
"111","Espinal, Santiago",88.5079754601227,76.94,80.26,83.62,86.18,89,92.14,95.1,97.3,99.56,103.242,103.9,81.75,96.5,163
"112","Estrada, Thairo",92.3753968253968,78.1,84.1,88.35,91.6,93.75,96.1,98.95,101.9,104.7,106.875,108.6,87.8,100.275,126
"113","Fairchild, Stuart",92.343661971831,74.6,84.5,88.4,93.2,95.7,97.3,99.5,101,103.3,109.82,110.8,86.65,100.45,71
"114","Farmer, Kyle",90.8111111111111,78.98,82.76,85.18,90.3,92.4,94.56,96.02,99.4,101.94,106.508,106.9,84.1,97.7,99
"115","Fermin, Freddy",89.1525862068966,74.6,78.4,85,88.1,90.9,92.6,96.5,98.9,101.55,105.185,106.2,82.575,97.35,116
"116","Fitzgerald, Tyler",90.6008333333333,75.06,81.5,86.04,89.12,92.8,95.18,98.93,101.12,103.33,106.829,107.3,83.575,99.825,120
"117","Fletcher, Dominic",87.8973684210526,73.75,80.3,82.8,86.2,90.3,92.2,94.25,97,99.25,102.3,105.3,80.9,96.325,76
"118","Flores, Wilmer",90.7833333333333,77.1,83.5,87.45,89.7,91.6,94.8,97.65,99.7,102.15,105.58,107.1,85.4,98.525,96
"119","Fortes, Nick",87.2981981981982,73.9,77.8,82.7,86.3,88.7,91,93.6,96.3,101,106.81,109.2,79.8,94.85,111
"120","Fraley, Jake",88.5817518248175,73.74,80.82,83.38,86.1,88.5,91.84,94.94,98.32,102.94,107.96,108.6,82.5,96.4,137
"121","France, Ty",93.7787709497207,80.04,84.56,88.92,92.2,96.5,98.5,100.92,103.2,105.82,109.62,111.1,86.95,102,179
"122","Frazier, Adam",87.2477064220184,71.64,78.4,81.28,86.1,89.8,92.16,94.04,96.46,99.72,103.492,104.9,80.3,94.8,109
"123","Freeman, Freddie",92.7507633587786,77.5,83.32,88.66,92.24,94.1,97.12,99.47,102.68,106,109.8,112.3,86.125,101.65,262
"124","Freeman, Tyler",90.212213740458,73.7,81.2,87.6,90.3,92.4,93.8,96.4,100.3,102.6,107.96,109.2,85.6,98.5,131
"125","Frelick, Sal",86.1269005847953,70.2,76.1,81.9,84.7,87.8,90.4,92.7,95.4,100.1,105.06,106.6,79,94.1,171
"126","Friedl, TJ",88.5618320610687,73.8,78.3,83.6,87,90.2,92.1,95.7,98.6,101.6,105.05,106,80.1,97.3,131
"127","Fry, David",90.3452054794521,71.8,82,86.6,90.1,93.75,95.3,98.6,100.8,103,107.375,107.7,84.1,99.625,146
"128","Gallo, Joey",94.7857142857143,81,87.82,90.54,94.6,96.85,98.8,100.68,103.22,105.56,108.862,109,88.9,101.55,70
"129","Gamel, Ben",88.4322580645161,69.5,77.8,82,89.8,91.5,93.7,95.6,100.7,102.7,105.28,105.7,80,98.9,31
"130","Garcia, Maikel",92.3862831858407,79,86.4,88.5,91,93.2,95.7,98.15,100.5,103.15,107.175,108.4,87.9,99.5,226
"131","García Jr., Luis",93.2147783251231,77.58,83.86,88.72,92.96,95.4,97.52,100.08,102.9,105.84,110.396,110.7,86.55,102.1,203
"132","García, Adolis",95.5077981651376,82.35,88.1,92.4,94.7,97.9,99.5,101.09,103.26,106.23,110.983,116.1,90.45,102.1,218
"133","Garver, Mitch",94.7992125984252,81.98,87.92,90.08,93,94.9,98.64,100.9,103.08,105.68,107.822,108.7,88.95,101.8,127
"134","Gelof, Zack",93.1182389937107,78.68,84.42,88.6,92.62,94.9,96.9,99.72,102.38,105.8,107.952,109.1,86.3,100.7,159
"135","Giménez, Andrés",89.6233333333333,76.8,82.28,84.94,88.1,90.4,93.84,96.35,98.66,102.21,106,106.3,84.1,97.475,210
"136","Gomes, Yan",92.2228571428571,79.72,81.88,87.3,92.26,94.4,95.88,99.04,102.22,103.56,106.696,106.9,84.55,101.3,35
"137","Gonzales, Nick",91.2694805194805,75.05,81.78,85.96,89.5,92.85,95.68,99.33,101.34,104.05,109.617,110.4,85.1,100.475,154
"138","Gonzalez, Romy",96.5017857142857,77,87.6,92.2,96.4,99.05,102.1,103.75,107.5,109.75,111.75,112.3,88.575,105.4,56
"139","Goodman, Hunter",92.6407407407407,79.1,83.2,86.6,90.8,94.8,97,98.8,103.4,106.8,113.5,114.7,84.8,101.9,81
"140","Gordon, Nick",91.1549450549451,78.3,85.5,87.7,91,93.4,96.2,98.2,99.2,101.8,106.14,106.5,86.45,98.7,91
"141","Grandal, Yasmani",92.9071428571429,80.08,84.62,86.74,91.6,94.2,97.26,99.21,101.32,105.35,107.751,108,86.1,100.025,84
"142","Greene, Riley",95.3420212765957,80.59,86.14,89.7,94.28,97.55,99.02,102.28,105.26,108.06,112.1,114,87.475,104.2,188
"143","Grichuk, Randal",95.9685185185185,82.14,87.4,91.25,94.9,97.55,99.2,102.67,104.96,108.66,111.444,112.3,89.575,104.175,108
"144","Grisham, Trent",94.996875,84.5,88.46,90.32,94.42,96.45,99,100.7,102.36,104.4,107.133,107.7,89.05,101.3,64
"145","Grissom, Vaughn",89.802380952381,74.1,77.92,83.1,90.58,91.5,94.3,98.03,100.56,102.54,104.936,105.1,79.5,99.8,42
"146","Grossman, Robbie",90.4773333333333,78.04,83.58,85.8,89.42,91.2,93.84,96.52,99.66,101.96,104.328,106.4,84.65,98,75
"147","Guillorme, Luis",87.2087719298246,73,79.56,81.92,84.68,87.3,91.52,94.9,96.6,98.02,102.964,103.3,80.8,95.6,57
"148","Gurriel Jr., Lourdes",91.9527027027027,75.31,81.96,87.12,90.92,93.3,96.8,99.11,102.08,104.6,107.779,110.6,84.8,100.575,222
"149","Hamilton, David",90.6252032520325,75.32,81.18,86.5,90.18,92.9,94.62,97.82,99.72,103.48,107.792,108.8,83.55,98.8,123
"150","Hampson, Garrett",89.4590361445783,72.3,80.12,83.64,89.02,91.7,94.82,97.16,98.56,101.2,104.526,105.1,81.25,98.2,83
"151","Haniger, Mitch",94.0769230769231,78.48,85.48,91.26,94.36,95.8,98.96,100.7,103.44,105.56,110.981,112,89.375,102.075,130
"152","Happ, Ian",94.6434579439252,81.12,86.02,90.89,93.3,95.95,98.6,101.2,104.04,106.84,111.335,114,88.05,102.45,214
"153","Harper, Bryce",95.1302521008403,80.6,85.5,89.64,93.5,97.2,99.5,102.29,104.3,107.73,111.663,113.8,87.55,103.475,238
"154","Harris II, Michael",95.3012903225806,78.32,85.66,89.14,94.2,97.3,100.92,103.74,106.4,108.92,114.076,114.7,86.95,105.05,155
"155","Harris, Brett",92.8555555555556,80.4,83.4,89.6,91.7,94,94.7,97.55,102.6,104.35,105.865,105.9,85.975,99.725,36
"156","Hayes, Ke'Bryan",92.0677419354839,79.26,84.5,87.78,91.52,94.75,95.9,98.01,100.24,102.14,107.285,107.8,86.85,99.65,124
"157","Hays, Austin",93.8505494505495,75.9,84.7,89.1,91.8,97.4,99.5,101.7,103.6,105.7,109.72,109.9,86.95,102.9,91
"158","Hedges, Austin",91.0727272727273,80.25,84,86.62,90.2,92.55,94.58,95.96,97.44,99.53,102.57,103,85.375,97.1,44
"159","Heim, Jonah",92.1258064516129,78.1,85,88.9,91.6,93.45,96.3,97.95,100.5,103.5,107.4,109.2,87.3,98.9,186
"160","Henderson, Gunnar",96.0659388646288,80.58,85.82,90.64,95.24,98.7,101.22,103.86,106.42,109.1,112.444,113.1,88.5,104.7,229
"161","Hernaiz, Darell",87.2410256410256,75.92,79.78,81.38,83.5,85.5,90.92,92.94,96.1,99.04,102.702,103.5,80.5,93.95,39
"162","Hernández, Enrique",92.6791139240506,78.14,84.64,88.64,92.04,94.7,96.26,97.88,100.66,104.03,110.358,112.7,87.275,99.1,158
"163","Hernández, Teoscar",96.6922680412371,80.2,86.54,92.27,97.52,100.1,102.3,104.01,106.3,108.37,112.928,114.1,88.725,105.35,194
"164","Herrera, Iván",92.7163043478261,74.38,84.1,88.36,91.7,95.75,98.94,100.91,102.96,105.11,111.49,112.4,85.975,101.75,92
"165","Herrera, Jose",87.734375,71.75,75.58,83.23,88.32,91.1,93.84,95.47,96.5,99.87,102.152,102.4,77.575,96.05,32
"166","Heyward, Jason",93.1811594202899,77.88,83.98,86.08,91.62,95.6,97.92,100.78,103.18,105.34,107.924,108.4,84.7,101.5,69
"167","Higashioka, Kyle",93.5766990291262,76.9,86.74,90.52,93.08,95.7,98.42,101.52,103.32,104.36,107.198,107.2,89.25,102.8,103
"168","Hill, Derek",91.9509433962264,76.38,82.96,88.34,92.26,94.1,96.2,98.78,100.42,103.48,109.792,111.3,86.8,99.4,53
"169","Hilliard, Sam",94.8282608695652,80.55,84.4,88.55,92.9,95.7,100,102.35,105.5,109.55,111.3,111.3,86.075,104.575,46
"170","Hoerner, Nico",87.403515625,71.85,78.9,83.6,86.5,89.65,92,94.1,96.3,99.2,103.97,105.2,81.675,95.5,256
"171","Holliday, Jackson",94.782,83.09,88.78,91.92,94.1,95.3,97.34,99.44,101.64,103.77,108.22,109.2,90.425,100.625,50
"172","Horwitz, Spencer",92.0930769230769,78.61,83.84,88,90.7,94.8,96.92,99.13,101.3,102.8,106.994,108.1,85.15,100.4,130
"173","Hoskins, Rhys",94.446511627907,81.36,86.56,90.13,94.52,96.6,98.7,100.27,102.6,105.79,107.777,109.6,88.175,101.1,172
"174","Ibáñez, Andy",92.6130952380952,80.65,86.68,89.69,91.36,93.3,95.92,97.75,100.74,102.87,107.272,108.6,88.75,99.2,84
"175","Iglesias, Jose",89.1163636363636,72.77,78.84,83.5,87.7,90,93.44,95.8,98.78,103.52,108.873,109.8,80.6,97.775,110
"176","India, Jonathan",91.4393203883495,74.25,80.5,87,90.9,93.8,96.6,99.2,101.5,104.25,109.18,109.5,83.75,100.5,206
"177","Isbel, Kyle",91.6983606557377,77.67,83.02,87.33,89.14,91.6,95.72,98.6,101.36,103.99,107.137,109.1,85.4,99.775,122
"178","Jackson, Alex",93.4925,82.78,87.12,89.22,92.26,95.2,97.04,99.53,100.46,102.95,108.562,110.2,88.45,99.95,40
"179","Jankowski, Travis",88.4745098039216,79.4,81.7,83.9,86.3,88.3,91.1,94.3,96,99.8,104.05,104.6,83.35,94.85,51
"180","Jeffers, Ryan",92.2061349693251,76.1,82.54,88.5,90.68,93.1,96.26,99.68,103.12,105.66,111.938,113.9,86.5,101.2,163
"181","Jiménez, Eloy",95.7784946236559,79.14,87.06,91.48,95.14,97.7,100.82,102.94,105.8,108.88,111.656,112.3,90.2,104.2,93
"182","Jiménez, Leo",91.0369230769231,76.38,81.96,88.16,91.42,94.5,96.18,98.28,99.82,102.58,105.272,107,85.6,99.3,65
"183","Joe, Connor",90.7570247933884,75.8,80.2,85.5,89.4,93.4,94.6,97.2,101.8,103.9,107.34,109.4,81.9,100.7,121
"184","Jones, Nolan",93.2575342465753,76.82,85.78,89,92.86,95.2,96.44,98.42,101.52,105.76,111.928,112,87.1,99.6,73
"185","Judge, Aaron",99.8884920634921,82.56,89.24,95.3,99.18,102.65,104.8,107.34,109.88,112.89,115.849,117.5,91.8,108.325,252
"186","Julien, Edouard",94.4155555555556,81.91,88.26,90.2,93.28,96.95,99.12,100.76,102.9,105.03,107.797,110.2,89.275,101.95,90
"187","Julks, Corey",89.3462686567164,72.48,79.3,83.22,88.1,93,94.16,95.94,99.78,102.42,106.402,106.6,81.6,97.3,67
"188","Jung, Josh",91.6347826086957,75.24,81.38,89.14,92.2,95.7,97.06,98.06,100.02,101.22,107.144,108.3,86.8,99.1,69
"189","Kavadas, Niko",92.5948717948718,80.38,83.76,89.8,90.82,93.3,94.9,100,103.62,106,107.444,107.9,86.4,101.45,39
"190","Keith, Colt",90.9552884615385,75.95,82.66,87.24,90.38,92.65,95.12,98.05,100.96,103.39,107.558,108.8,85.35,99.45,208
"191","Kelenic, Jarred",93.7455089820359,79.72,84.24,88.84,94.1,95.8,98.02,100.22,101.9,105.82,109.034,110.7,87.4,101.3,167
"192","Kepler, Max",92.2728915662651,78.55,83.3,86.95,90.5,92.95,95.9,99.45,101.4,105.35,110.905,115.4,85.275,100.675,166
"193","Kiermaier, Kevin",90.0971830985915,76.7,82.2,87.3,89.4,91.6,93.8,95.3,98.2,101.9,105.31,105.8,84.3,97.05,71
"194","Kim, Ha-Seong",92.1567741935484,79.54,84.18,88.9,90.36,92.6,95.94,99,101.42,103.6,106.992,107.3,87.05,99.75,155
"195","Kirilloff, Alex",96.4547169811321,84.84,89.64,92.06,94.88,97.8,101,102.82,104.8,105.6,106.892,107.1,91.6,103.7,53
"196","Kirk, Alejandro",94.0686567164179,80.73,87.12,90.39,92.84,95.75,97.68,100.5,101.96,104.71,109.638,112.9,89.225,101.475,134
"197","Kjerstad, Heston",95.3363636363636,83.76,86.92,89.26,95.34,98.2,99.56,102.24,103.62,104.96,107.368,107.4,88.7,103.2,33
"198","Knizner, Andrew",91.865625,80.28,85.54,86.72,89.26,93.1,95.86,98.64,100.08,103.72,106.521,106.8,85.775,99.45,32
"199","Kwan, Steven",87.9644628099174,76.41,79.76,83,85.9,89.1,91.66,93.77,96.9,99.28,102.759,104.2,81.55,95.65,242
"200","Langeliers, Shea",95.4083333333333,78.96,86.62,90.2,93.56,96.65,100.3,102.66,104.78,107.94,112.405,113.7,88.575,103.6,180
"201","Langford, Wyatt",92.8527918781726,77.3,81.72,86.64,92.22,95.7,98.26,101.04,103.82,106.94,109.92,111.9,84.4,102.5,197
"202","Larnach, Trevor",94.455,79.34,84.38,88.41,90.96,96.85,100.06,102.4,105.02,107.13,112.022,112.5,86.775,103.925,140
"203","Laureano, Ramón",94.8846846846847,79.1,88.9,91.4,93.4,96.1,99.1,101.3,104.4,106.1,109.63,110.7,90,102.7,111
"204","LeMahieu, DJ",92.7338235294118,81.15,86.68,88.98,92,93.65,96.8,98.62,100.02,101.85,106.055,108.4,88,99.275,68
"205","Lee, Brooks",90.654794520548,75.66,84.3,86.92,90.48,92.3,94.24,96.76,98.96,100.12,105.384,107.4,86.4,97.5,73
"206","Lee, Jung Hoo",91.9030303030303,75.9,82.7,85.45,92.1,94.8,96.9,99.4,100.4,104.3,107.025,108,83.1,99.975,66
"207","Lee, Korey",92.0833333333333,78.39,80.82,86.89,89.26,92.9,96.24,99.23,102.5,105.4,109.618,110,82.925,101.6,114
"208","Lewis, Royce",92.3808695652174,77.58,82.86,86.94,90.78,94.6,97.22,100.14,104.12,106.46,109.932,110.8,86.15,101.6,115
"209","Lindor, Francisco",95.094014084507,79.9,86.16,90.88,94.82,97.6,99.8,101.72,104.24,106.7,109.517,112.7,88.3,103.325,284
"210","Lipscomb, Trey",90.1847826086957,74.4,80.9,85.75,88.3,91.7,93.1,96.35,100.3,102.35,105.62,105.8,84,98.975,46
"211","Loftin, Nick",87.228813559322,72.1,78.02,80.42,86.06,87.3,90.66,93.36,97.24,101.12,104.494,104.9,79.7,95.55,59
"212","Loperfido, Joey",92.05875,75.61,83.84,88.43,92.58,94.7,97.14,98.66,101.7,104.71,107.098,110.1,86.325,100.375,80
"213","Lopez, Nicky",89.0564885496183,76,82.8,87.1,88.7,91.1,92.6,94.3,96.1,98.5,103.43,105.1,84.95,95,131
"214","Lopez, Otto",93.1099290780142,79.9,84.5,89.3,91.4,94.6,96.8,98.8,101.6,104.5,107.7,107.9,88.1,100,141
"215","Lowe, Brandon",94.051572327044,77.3,85.72,89.84,93.62,97.3,99.38,101.68,104.3,107,109.962,111,87.55,103.2,159
"216","Lowe, Josh",94.3181818181818,78.75,85.62,91.89,94.26,96.9,98.6,100.34,102.68,105.17,108.752,109.3,89.425,101.3,132
"217","Lowe, Nathaniel",92.7314285714286,75.62,82.64,86.92,90.8,94.8,97.64,100.6,103.26,106.2,108.526,109.9,85.1,101.8,175
"218","Lukes, Nathan",92.1914285714286,83.28,86.36,89.08,91.14,92.2,94.54,95.66,99.64,100.7,103.586,104.3,87.65,96.45,35
"219","Lux, Gavin",92.2517006802721,76.1,82.88,87.02,91.2,95.2,97.4,99.32,101.08,103.74,107.454,107.9,85.5,100.15,147
"220","Machado, Manny",95.6021834061135,79.88,85.9,90.7,93.9,97.5,100.24,103.38,105.3,108.22,113.26,115.6,88.9,104.1,229
"221","Maile, Luke",87.7577777777778,74.34,79.14,82.66,86.84,88.5,92.7,94.5,96.18,101.16,105.428,106,80.2,95.3,45
"222","Maldonado, Martín",93.309756097561,83.5,88.5,92.4,94.1,94.8,95.8,100.1,101.4,102.5,107.38,107.7,90.6,100.8,41
"223","Malloy, Justyn-Henry",92.9338235294118,79.72,83.8,88.5,92.3,95.75,98.14,99.78,101.38,103.45,107.565,107.9,86.525,100.25,68
"224","Manzardo, Kyle",92.7164179104478,79.92,83.78,86.84,90.48,93.8,97.08,99,100.68,106.6,108.942,109.8,84.45,99.45,67
"225","Margot, Manuel",91.5658914728682,78.7,83.72,87.04,89.9,92.1,94.58,97.84,101.38,104.72,106.816,107.1,85,100,129
"226","Marsh, Brandon",95.35,83.03,88.22,92.19,94.62,96.95,99.14,101.21,102.9,105.4,108.835,109.4,90.325,101.9,154
"227","Marte, Ketel",96.7202127659574,83.95,87.9,91.23,95.18,98.7,101,102.98,105.72,108.67,113.704,117,89.95,104.55,188
"228","Marte, Noelvi",90.8794117647059,74.07,79.16,85.68,89.24,91.9,97,99.44,102,104.91,109.892,111.5,81.275,100.575,68
"229","Marte, Starling",94.4347107438017,76.9,85.8,92,94.6,97.6,99.7,102.3,104.5,107.5,110.22,110.9,88.6,103,121
"230","Martin, Austin",90.6969696969697,78.02,82.2,88.14,90.94,92.9,95.18,96.96,98.42,99.52,102.322,103.4,85.55,97.75,99
"231","Martinez, J.D.",94.5808641975309,79.67,84.22,89.46,94.2,97.45,100.16,102.14,103.98,105.9,109.712,110.6,86.925,103.325,162
"232","Martini, Nick",91.0410714285714,73.5,84.7,88.75,91.2,93,94.7,97.55,100.7,102.95,106.315,107.8,85.575,99.375,56
"233","Martínez, Angel",90.4357142857143,75.8,84.9,87.05,89.2,92.35,96.2,97.5,98.4,100.35,104.44,106.2,86.5,97.825,56
"234","Massey, Michael",92.8424836601307,83,86.34,89.02,91.18,94.1,95.5,98,100.52,102.48,107.344,107.6,88,99.7,153
"235","Mastrobuoni, Miles",88.2772727272727,74.32,76.44,82.36,85.8,89.7,94.2,95.16,96.64,99.83,105.88,107.6,80.725,95.85,44
"236","Mateo, Jorge",93.5029411764706,80.4,84.98,89.21,92.12,93.5,96.08,100.12,102.5,105.53,108.798,109.2,87.1,100.7,68
"237","Matos, Luis",91.8890625,81.09,84.06,86.99,88.94,92.15,96.28,97.42,100.02,103.67,107.525,109.1,85.175,99.575,64
"238","McCann, James",91.5752808988764,74.2,81.48,84.84,89.18,93.4,98.68,100.34,103.12,105.44,108.564,110.5,83,102.4,89
"239","McCann, Kyle",94.7536585365854,82.6,86.2,90.6,93.8,96.5,101.3,102.1,103.2,106,109.76,110,88.3,103,41
"240","McCarthy, Jake",88.6735849056604,72.28,78.74,83.1,88.1,91.8,93.98,96.32,98.32,102.36,105.494,106.6,81.6,97.4,159
"241","McCormick, Chas",90.2835294117647,73.94,77.76,85.56,90.18,92.8,94.76,97.84,101.44,104.2,107.092,110.2,81.5,99.8,85
"242","McCray, Grant",95.5125,79.78,85.8,90.44,95.18,96.2,102.22,103.1,105.5,108.25,108.807,108.9,86.875,104.175,32
"243","McCutchen, Andrew",93.8735849056604,79.74,85,88.46,92.7,95.2,99.12,101.52,103.94,105.1,108.21,109.8,87.4,102.3,159
"244","McGuire, Reese",89.4979166666667,75.22,81,83.82,85.7,88.25,94.14,99.15,100.62,102.52,104.813,105.8,81.275,99.65,48
"245","McKinstry, Zach",92.11,79.18,86.28,89.18,90.82,93.05,95.94,98.14,99.92,101.8,105.461,108.1,87.4,99.125,140
"246","McMahon, Ryan",95.4798941798942,83.26,88.06,91.52,93.28,96,99.3,101.26,104.44,107.4,112.224,113,89.5,102.9,189
"247","McNeil, Jeff",89.2907103825137,75.22,80.54,84.7,88.18,91.2,93.2,96,98.36,101.28,105.454,107.7,82.3,97.3,183
"248","Mead, Curtis",92.712,78.92,84.76,88.31,92.6,94.15,97.04,99.55,101.76,105.12,110.146,112.4,87.375,100.925,50
"249","Melendez, MJ",95.3340136054422,80.1,85.16,92.22,94.84,97.5,100,102.08,104.46,106.36,111.616,112.9,88.55,103.4,147
"250","Mendick, Danny",89.43125,76.01,80.46,85.43,88.02,91.8,93.82,95.28,98.22,101.84,106.267,108.1,83.25,97.25,48
"251","Meneses, Joey",92.9844660194175,80.22,85.32,88.58,91.5,93.3,95.86,98.64,101.36,103.78,109.868,114.2,87.05,100.5,103
"252","Merrifield, Whit",88.043220338983,74.11,80.34,83.8,86.88,89.55,91.94,93.39,96.78,98.93,103.364,104.6,82.9,95.525,118
"253","Merrill, Jackson",93.3551851851852,80.08,84.08,87.74,91.7,94.5,97.74,100.6,102.9,105.91,109.586,111.6,85.9,101.6,270
"254","Meyers, Jake",91.8703488372093,73.58,83.26,87.32,91.12,94.75,97,99.3,102.34,104.19,107.829,110,86.275,101.125,172
"255","Miranda, Jose",92.2910112359551,78.3,82.64,86.71,90.06,93,96.72,99.39,102.36,104.72,108.261,110.7,84.475,100.9,178
"256","Mitchell, Garrett",95.5903846153846,80.7,85.26,89.31,94.04,97.65,101.94,103.73,105.48,106.29,109.037,109.7,87.625,104.775,52
"257","Monasterio, Andruw",92.3340425531915,74.42,85.42,90.36,93.3,95.9,97.02,98.66,100.72,102.12,106.908,107,88.4,99.6,47
"258","Moniak, Mickey",93.2821428571429,79.88,83.42,87.07,91.08,93.55,97.38,101.06,104.26,106.83,110.766,112.8,85.4,103.025,140
"259","Montero, Elehuris",94.1738636363636,78.77,85.12,90.7,92.58,95.2,98.1,100.38,103.18,107.33,109.478,110,88.475,101.5,88
"260","Moore, Dylan",91.7067567567568,76.98,82.5,87.32,90.86,93.1,95.54,98.29,100.24,104.16,109,109.1,85.325,99.125,148
"261","Morel, Christopher",94.5730061349693,76.54,86.28,89.6,92.58,96.7,100.72,102.94,105.44,107.48,110.628,111.4,88.15,104.2,163
"262","Moreno, Gabriel",92.7373913043478,74.74,84.28,88.5,92.34,94.8,97.5,98.78,102,104.48,110.03,111.1,87.15,101.05,115
"263","Mountcastle, Ryan",93.7231182795699,77.5,85.8,89.15,91.4,95.8,99,100.8,103.3,107.7,112.145,113.5,87.225,102.25,186
"264","Mullins, Cedric",90.7072625698324,74.32,82.66,86.52,89.58,93.1,95.16,98.06,100.6,103.9,106,106.4,85.7,99.3,179
"265","Muncy, Max",95.0970873786408,82.54,86.96,90.94,94.36,95.9,98.54,101.36,105.02,107.2,109.57,110,89.2,103.25,103
"266","Murphy, Sean",93.7522388059702,81.3,83.22,86.92,91.64,94.5,97.72,102.38,106.18,107.98,111.874,112.6,84.95,104.65,67
"267","Myers, Dane",93.5967741935484,78.8,84,87.8,93.3,95.7,97.3,100.5,104.6,105.6,106.34,106.4,86.1,103.4,31
"268","Naylor, Bo",93.2926829268293,81.3,85.48,88.72,91.6,95.5,98.12,99.74,101.36,103.46,105.878,106.2,87.55,100.5,123
"269","Naylor, Josh",94.261320754717,79.5,85.74,89.93,92.68,95.25,98.66,100.87,103.78,107.35,110.134,110.9,88.075,102.225,212
"270","Neto, Zach",94.2358974358974,79.46,86.36,90.92,93.12,96,98.66,101.7,104.02,106.3,109.384,110.8,88.95,102.65,195
"271","Nevin, Tyler",92.9061855670103,78.86,84.02,87.92,92.78,95.4,97.28,99.62,102.14,104.24,107.036,107.9,85.1,101,97
"272","Newman, Kevin",87.9594339622642,74.2,80,84.8,86.1,89.4,91.9,93.9,96.5,99.4,103.17,104.7,82.725,94.75,106
"273","Nido, Tomás",95.7836734693878,85.52,88.62,93.1,96.5,97.9,98.38,100.7,102.78,103.66,105.008,105.2,90.3,101.7,49
"274","Nimmo, Brandon",94.452534562212,79.94,85.94,90.34,92.94,96.1,98.8,100.7,103.68,107,111.068,111.5,88.2,101.9,217
"275","Noel, Jhonkensy",93.5438596491228,75.18,80.52,85.38,90.8,95.4,98.2,102.66,106.58,110.08,115.62,115.9,82.4,105.5,57
"276","Nootbaar, Lars",95.8491525423729,82.45,87.04,91.02,94.18,98.1,100.42,102.3,104.76,106.1,111.881,113.5,89.5,103.7,118
"277","Norby, Connor",93.5739726027397,79.06,87.7,89.82,94.14,96.2,98.3,100.06,102.26,104.64,107.068,107.5,89.3,100.8,73
"278","O'Hearn, Ryan",93.2525,79.06,84.6,89.17,92.36,94.55,98.08,100.39,102.92,105.3,108.602,108.8,86.05,101.525,200
"279","O'Hoppe, Logan",95.371978021978,78.72,86.72,91.59,94.82,97.1,99.2,102.77,104.78,106.39,111.5,111.6,89.625,104.05,182
"280","O'Neill, Tyler",96.52,79.68,85.9,93.3,96.8,100.1,102.72,104.54,106.5,109.12,112.424,113.1,89.1,105.05,135
"281","Ohtani, Shohei",99.6728937728938,84.28,91.34,95.2,97.9,100.3,104.52,107.2,110.1,113.5,118.268,119.2,93.4,108.5,273
"282","Olivares, Edward",88.3655172413793,71.23,77.1,79.73,85.66,88.4,92.98,98.08,101.04,105.36,109.444,109.9,78.175,99.325,58
"283","Olson, Matt",95.3648979591837,80.54,87.18,90.4,93.86,97,100.62,102.76,105.4,108.32,112.736,113.9,89.2,104.9,245
"284","Ortiz, Joey",90.9153846153846,74.48,82.04,87.28,90.56,94,96.6,99.28,101.72,104.4,108.364,111.5,84.15,99.8,143
"285","Outman, James",95.8809523809524,86.11,88.76,90.73,93.66,96.3,98.24,101.56,105.82,106.77,109.839,110.7,89.55,103.775,42
"286","Pache, Cristian",91.5326086956522,75.9,81.2,88.65,91.1,94.25,96.1,99.15,100.8,103.55,107.58,109.2,85.6,100.35,46
"287","Pages, Andy",92.0848837209302,75.42,82.6,86.85,91.06,94.15,97.66,100.17,102.9,105.09,110.319,112,84.975,101.5,172
"288","Pagés, Pedro",91.2328947368421,76.8,82.3,86.2,87.7,92.75,95.7,97.2,100.5,103.9,109.325,109.7,84.65,97.85,76
"289","Palacios, Richie",90.2090909090909,75.4,81,86.6,89.46,92.2,94.66,96.3,99.5,102.66,106.624,107.8,82.5,98.5,99
"290","Paredes, Isaac",89.4086419753086,74.74,79.7,84.56,88.48,91.4,94.2,96.64,99.16,101.8,106.606,107.3,83.15,98.05,243
"291","Pasquantino, Vinnie",93.6644444444444,80.76,86.18,89.2,92.5,95,97.22,99.8,101.9,105.8,110.528,112.2,87.7,100.8,225
"292","Pederson, Joc",96.25,80,89.4,91.55,95.1,98,100.3,103.1,107.4,108.75,112.49,114.1,90.275,104.3,136
"293","Peralta, David",90.9616279069767,72.85,80.8,87.55,90.2,93.4,96.2,98.95,100.6,103,109.815,111.6,84.125,99.25,86
"294","Perdomo, Geraldo",89.7382352941176,78.7,83.2,85.85,88,90.55,92.9,95.1,98,101.2,105.385,106.6,84.975,96.925,136
"295","Perez, Salvador",95.1389705882353,80.5,86.22,90.69,93.54,95.9,99.06,102.37,105.46,108.09,112.032,113.3,88.175,103.625,272
"296","Perkins, Blake",91.9575757575758,81.11,86.1,88.4,90.9,93.95,95.46,96.9,98.78,101,105.342,106.8,87.25,98.2,132
"297","Peña, Jeremy",91.3120535714286,76.2,82.2,85.87,89.62,93.65,95.9,98.21,100.58,103.5,108.154,109.5,83.975,99.575,224
"298","Pham, Tommy",93.9475903614458,78.95,83.8,88.4,91.8,94.95,99.1,101.15,104,106.2,112.335,112.9,86.8,102.1,166
"299","Pillar, Kevin",89.3279661016949,73.07,78.28,83.92,86.78,92.05,94.88,96.79,99.28,102.13,105.615,106.2,81.275,98.375,118
"300","Polanco, Jorge",92.2860606060606,78.94,83.04,85.62,90.84,94.5,97.2,99.2,101.8,105.46,109.972,110.7,83.9,100.4,165
"301","Profar, Jurickson",93.0617391304348,79.83,84.98,87.67,90.86,94.75,97.78,99.95,102.5,105.71,108.3,109.6,86.425,101.275,230
"302","Rafaela, Ceddanne",91.5066326530612,74.7,82,87.35,92,95,97.3,99.4,101.4,102.75,106.405,107.9,84.175,100.225,196
"303","Raleigh, Cal",95.2619266055046,79.78,86.14,90.32,93.8,97.25,99.72,102.4,104.32,107.26,111.847,113.9,88.1,103.3,218
"304","Raley, Luke",95.1432,80.8,85.56,88.78,94.6,96.4,100.04,102.94,105.24,107.78,113.528,115.4,87.4,104.4,125
"305","Ramos, Bryan",92.2125,77.04,86.32,91.22,93.08,94.7,96.48,98.42,101.76,103.22,106.127,106.4,88.925,100.6,40
"306","Ramírez, Harold",89.6397058823529,73.01,79.86,85.23,86.98,91.25,94.36,97.05,99.84,103.45,107.464,108,82.275,99.025,68
"307","Ramírez, José",93.025,78.64,84.14,87.43,91.54,94.85,97.08,99.47,102.38,105,109.118,116.6,85.7,100.825,292
"308","Realmuto, J.T.",94.756204379562,78,83.7,90.4,96.24,98.3,100.5,102.02,104.66,106.68,109.228,109.7,88.2,103.9,137
"309","Refsnyder, Rob",94.570652173913,75.91,85.1,89.58,93.88,98.05,100.56,102.71,105.18,106.78,109.7,109.7,87.475,103.65,92
"310","Rendon, Anthony",90.9012048192771,76.9,84.38,88,91.64,93.3,96.34,97.6,99.02,100.66,103.136,103.3,85.9,98.1,83
"311","Renfroe, Hunter",92.3493055555556,75.34,83.38,88.58,92.44,94.5,96.3,100.13,101.36,104.92,111.342,112,86.375,101.025,144
"312","Rengifo, Luis",89.640206185567,75.44,81.12,84.2,88.1,91.3,94.9,97.34,99.9,101.74,109.24,110.2,83.1,98.1,97
"313","Reynolds, Bryan",94.5181818181818,79.46,85.2,89.5,93.8,96.15,98.82,101.24,104.8,106.39,109.536,110.8,88.1,102.875,242
"314","Rice, Ben",93.6819672131148,77.3,85.6,90.5,92.1,93.9,96.3,101.9,103.6,105.6,109.84,110.8,88.5,103,61
"315","Riley, Austin",96.5854748603352,80.1,89.36,92.28,95.1,98.2,100.4,103.96,106.46,109.02,113.5,114.7,91,105.55,179
"316","Rivera, Emmanuel",92.1793103448276,75.12,83.76,88.28,92.12,95.3,97.66,99.28,100.88,102.92,108.012,108.7,87,100.6,87
"317","Rizzo, Anthony",91.5204918032787,76.71,82.28,87.76,90.8,94,95.34,98.14,100.34,103.09,109.395,110.5,86.7,98.975,122
"318","Robert Jr., Luis",93.8,79.17,83.38,88.69,92.3,95.1,98.42,100.48,102.64,106.65,111.9,113,86.2,101.6,138
"319","Robles, Victor",91.8547368421053,77.24,83.18,88.52,90.66,94.2,95.56,97.02,100.24,103.64,108.954,109.8,86,98,95
"320","Rocchio, Brayan",88.4766423357664,71.48,79.76,83.78,88.14,90.7,93.12,94.92,99,102.06,105.292,107,82.5,96,137
"321","Rodgers, Brendan",92.5626666666667,74.09,81.82,86.75,92.38,95.65,97.84,100.1,103.06,106.96,109.555,110.1,84.05,102.075,150
"322","Rodríguez, Julio",95.9103448275862,80.1,86.64,92,94.18,98.2,101.52,103.2,105.44,108.78,112.592,114.5,89.25,104.25,203
"323","Rogers, Jake",94.1686956521739,80.96,88.08,90.8,94.06,96.3,97.74,100.38,102.6,104.5,106.83,107.1,89.8,101.6,115
"324","Rojas, Johan",88.5615384615385,73.6,79.1,82.2,86.8,90.1,93,95.3,99.7,101.7,108.33,110.4,81.4,98.05,91
"325","Rojas, Josh",93.0514792899408,81.56,86.64,90.94,93.02,94.9,96.5,97.88,100.18,101.84,105.46,108.4,88.4,99.1,169
"326","Rojas, Miguel",87.8834710743802,74.1,81,83.1,85.9,88.8,92.1,94.3,97.5,100.5,104.9,106.7,82.1,95.5,121
"327","Rooker, Brent",96.9009302325581,80.9,87.28,91.38,96.2,98.6,101.92,104.38,107.72,109.62,111.672,113.4,89.75,106.45,215
"328","Rortvedt, Ben",89.4532608695652,75.56,79.9,84.36,87.86,91.05,93.4,95.8,99.68,102.7,105.088,108,81.475,98.525,92
"329","Rosario, Amed",92.3626086956522,79.6,83.28,87.06,91.56,93.9,95.6,97.9,101.84,104.32,108.686,108.9,85.05,100.6,115
"330","Rosario, Eddie",93.5865079365079,78.8,86.2,91.65,93.8,95.5,97.2,98.85,101,104.25,106.175,106.3,89.45,99.475,126
"331","Ruiz, Keibert",87.7415525114155,73.66,78.96,82.58,86.14,88.7,90.9,93.72,97.04,100.4,104.246,107.9,80.85,95.35,219
"332","Rutschman, Adley",90.4377289377289,74,81.08,85.8,89.3,92.6,95.4,96.84,99.6,103.16,107.128,109.3,84.2,98.5,273
"333","Santana, Carlos",93.2981481481481,78.15,84.5,89.05,91.9,94.7,97.4,99.65,102.5,105.05,110.74,113.6,86.35,101.25,216
"334","Santander, Anthony",94.5666666666667,81,86.3,90.5,92.4,95.9,98.3,101.2,103.5,106.6,111.02,113.5,88.6,102.4,261
"335","Schanuel, Nolan",89.2051401869159,76.56,80.08,85.28,88.3,90.95,93.48,95.2,97.44,100,103.557,104.4,82.7,95.9,214
"336","Schmitt, Casey",94.2372093023256,81.1,87.48,89.6,91.7,94.7,97.34,99.84,103.32,105.56,109.448,109.7,89,101,43
"337","Schneemann, Daniel",92.2015625,76.16,84.98,87.97,91.42,94.5,96.64,98.36,100.38,103.14,107.544,108.3,87.1,99.225,64
"338","Schneider, Davis",93.05875,77.79,84.88,87.95,91.06,94.8,98.34,100.16,102,104.04,108.328,109.3,86.55,101.25,160
"339","Schuemann, Max",91.8184713375796,76.14,84.52,87.58,91.1,94,96.1,97.94,99.5,102.02,104.044,105.4,86,99.1,157
"340","Schunk, Aaron",88.8027027027027,76.92,79.02,82.52,87.58,90.1,92.32,95.46,96.24,99.26,107.612,108.8,80.7,96,37
"341","Schwarber, Kyle",98.1695431472081,80.36,89.42,94.18,97.38,100.1,103.26,106.02,107.56,110.9,114.908,115.6,91.1,106.7,197
"342","Scott II, Victor",92.5416666666667,78.29,86.24,90.08,92.8,93.8,96.22,98.1,101.22,102.83,105.172,106.3,88.5,100.4,48
"343","Seager, Corey",95.8723004694836,80.56,86.48,91.1,95,97.8,100.16,103.2,105.24,107.68,112.376,113.3,89.7,104,213
"344","Semien, Marcus",91.1404181184669,76.08,83.86,87.18,89.84,92.9,95.2,97.9,99.6,102.14,106.742,112.1,85.65,98.55,287
"345","Senzel, Nick",89.3776470588235,75.28,78.84,84.46,88.9,91.8,94.18,96.4,98.14,101.7,106.732,106.9,82.5,97.1,85
"346","Sheets, Gavin",90.86,76.38,80.46,85.88,89.82,92.85,94.88,98.1,100.62,103.36,107.433,108.1,82.4,99.15,190
"347","Siani, Michael",89.093670886076,71.06,82.82,86.7,88.62,91.9,93.1,95.12,96.96,101.18,104.254,104.8,85,96.1,79
"348","Singleton, Jon",92.0676470588235,76.3,83.6,87.15,90.3,93.35,95.9,99.1,102.2,104.85,112.58,115.4,84.875,100.775,136
"349","Siri, Jose",95.3314516129032,79.99,86.36,89.69,95.04,97.25,100.76,102.54,105.1,106.87,110.077,111,87.65,104.65,124
"350","Slater, Austin",91.7660714285714,76.45,82.7,90.95,92.6,94.6,95.7,97.8,100.1,102.25,105.29,105.4,87.475,99.375,56
"351","Smith, Dominic",93.5396396396396,82,87.9,90.8,93,95.6,97.4,99.2,101.5,103.3,107.19,107.4,89.2,100.45,111
"352","Smith, Josh",91.6950226244344,78.2,83.1,87.6,90.4,93.3,95.8,97.9,100.6,103.8,107.04,108,86.2,99.5,221
"353","Smith, Pavin",96.1535714285714,83.1,85.1,92.35,94.3,98.45,101.1,104.4,105.7,106.55,110.23,112.1,89.875,104.775,56
"354","Smith, Will",92.9060606060606,79.1,84.7,88.6,91.8,95.6,97.5,99.3,101.4,103.4,107.41,109.1,86.85,100.7,231
"355","Soderstrom, Tyler",97.40625,83.43,90.9,94.85,97.52,98.95,101.38,104.14,105.08,106.78,110.777,112.1,92.075,104.825,64
"356","Sogard, Nick",89.9363636363636,72.74,84.32,88.32,91.72,93.4,94.22,96.06,97.84,99.66,101.376,101.6,84.8,96.7,33
"357","Solano, Donovan",90.7194690265487,73.86,83.82,89,91.1,93.7,96.26,97.3,98.5,100.7,106.164,107.6,86.7,97.9,113
"358","Soler, Jorge",94.6385026737968,78.5,85.92,89.28,93,95.9,98.22,101.12,106.44,108.88,112.28,115.4,87.3,103.15,187
"359","Sosa, Lenyn",93.0371621621622,79.11,84.46,88.71,92.28,95.15,96.32,99.56,101.78,104.23,107.718,110.7,87.875,100.4,148
"360","Soto, Juan",99.4600858369099,84.9,91.08,95.6,98.56,102.6,104.2,106.24,108.2,110.9,114.9,115.7,93.5,107.5,233
"361","Springer, George",93.7744791666667,78.11,85.44,89.16,92.1,96.2,99.62,101.7,104.02,106.5,108.554,110,87.175,102.7,192
"362","Stallings, Jacob",91.6391304347826,74.96,81.82,86.26,92.54,94.9,97.12,99.3,101.46,102.08,107.018,107.2,83.2,100.05,92
"363","Steer, Spencer",92.7121739130435,76.78,84.08,89.5,92.56,95.1,96.98,98.53,101.82,104.4,107,107.8,86.675,100.7,230
"364","Stefanic, Michael",85.496875,74.92,81.32,81.92,83.88,86.05,88.36,90.17,93.98,96.89,102.636,104,81.625,91.65,32
"365","Stephenson, Tyler",95.1024096385542,80.8,89.2,91.25,94.3,96.95,99.3,101.55,103.3,105.2,108.125,111,90.4,102.2,166
"366","Story, Trevor",90.7393939393939,76.7,82.7,89.66,90.48,92.7,94.38,96.66,98.68,99.9,104.368,105.2,83.6,98.1,33
"367","Stott, Bryson",90.4263157894737,77.1,82.9,85.64,89.9,91.3,94.1,95.8,98.24,101.82,107.456,109.8,83.8,97.1,209
"368","Stowers, Kyle",94.611320754717,77.4,82.02,88.7,96.28,98.9,100.84,101.78,104.02,107.04,109.18,109.7,85.6,102.9,53
"369","Stubbs, Garrett",83.725,68.44,74.66,80.81,82.84,85.75,89.62,91.03,94.38,96.31,98.585,98.9,76.675,93.625,64
"370","Suwinski, Jack",90.5822784810127,76.16,82.84,85.5,88.7,91.5,96.22,98.8,103.22,107.34,110.954,111.5,83.85,101.25,79
"371","Suzuki, Seiya",94.2166666666667,77.6,85.5,90.2,93.2,96.7,98.6,101.4,104.3,106.55,112.48,115.5,88.2,103.1,216
"372","Suárez, Eugenio",93.2917355371901,76.05,84,88.3,92.36,95.8,98.36,100.7,102.98,106.99,110.836,111.4,86.325,101.575,242
"373","Swanson, Dansby",94.8534090909091,79.7,86.1,91.35,94.3,97.1,99.7,101.55,104.1,106.25,108.7,109.8,89.375,102.8,176
"374","Sweeney, Trey",95.7631578947368,83.51,90.22,94.78,96.08,98.95,100.26,101.49,102.72,104.94,108.815,109,93.425,101.8,38
"375","Sánchez, Gary",94.089010989011,77,82.9,87.9,91.5,95.4,98.6,102.5,105.4,108.6,114.31,114.4,85.85,104.15,91
"376","Sánchez, Jesús",97.1074074074074,78.32,87.72,91.7,96.24,98.75,101.84,105.21,109.16,111.8,115.973,117.2,89.7,108,162
"377","Tatis Jr., Fernando",97.5972972972973,83.53,88.48,93.12,96.92,99,101.26,104.88,107.32,109.83,114.853,115.6,91.05,106.125,148
"378","Tauchman, Mike",92.3496,77.68,84.18,88.38,91.92,93.7,97.08,98.98,100.8,103.24,106.38,110.3,86,99.7,125
"379","Taveras, Leody",91.2666666666667,77.08,81.52,85.28,89.74,92.4,95.08,98.42,100.62,104.34,108.696,110.1,83.3,99.8,189
"380","Taylor, Chris",89.3623188405797,69.06,80.8,85.36,88.64,90.1,93.92,98,101.58,103.24,106.76,107.1,82.6,100,69
"381","Taylor, Michael A.",93.4511904761905,79.29,82.8,86.91,92.76,94.45,97.46,100.44,104.24,105.88,111.385,111.8,85.175,102.325,84
"382","Taylor, Tyrone",93.4282258064516,80.59,84.5,88.73,90.92,94.2,97.2,99.81,103.34,106.17,108.954,110.7,87.175,100.8,124
"383","Tellez, Rowdy",92.5967105263158,77.81,82.62,85.63,89.38,93.05,97.08,100.87,103.9,106.6,111.725,114.6,84.15,101.825,152
"384","Tena, José",96.7660714285714,88.75,92.2,94.75,95.8,98.75,99.9,100.6,102.3,103.2,107.835,109.1,93.025,101.225,56
"385","Thaiss, Matt",92.8509803921569,78.9,82.3,85.4,90.1,93,96.7,100,103.4,107.8,109.7,109.7,83.6,102.55,51
"386","Thomas, Alek",96.0322580645161,84,87.1,90.7,93.9,98.1,100.7,104.4,106.1,107.9,108.92,109.1,90,105.05,31
"387","Thomas, Lane",92.8588235294118,73.08,81.5,88.8,92.1,95.8,97.8,101.73,103.4,106.16,110.255,111,85.45,102.4,170
"388","Toglia, Michael",95.68,77.96,87.08,92.92,95.76,98.3,100.74,103.18,105.52,107.72,110.684,112,90.9,104.05,155
"389","Toro, Abraham",90.6545454545455,73.94,83.28,86.25,88.98,91.9,94.06,97.54,100.4,103.2,108.828,109.9,85.075,99.075,132
"390","Torrens, Luis",93.0695652173913,78.65,85.8,89.5,93.1,95.5,96.9,99.1,101.6,102.65,107.295,108.6,87.525,100.3,46
"391","Torres, Gleyber",91.9087786259542,76.8,84.74,88.83,92.04,93.85,95.96,97.74,99.8,103.39,108.334,111.2,87.075,98.975,262
"392","Tovar, Ezequiel",93.06875,78.03,85.26,88.99,92.64,95,97.22,99.3,102.06,104.29,109.029,110.6,86.7,100.4,272
"393","Trevino, Jose",91.2819277108434,78.1,84.22,87.92,89.36,91.4,94.72,97.08,100.32,102.58,106.19,106.6,86.7,98.25,83
"394","Triolo, Jared",91.0796052631579,76.52,80.58,85.69,90.22,93.3,96,98.51,100.96,102.97,106.947,107.1,83.275,100.025,152
"395","Trout, Mike",94.2549019607843,77.7,82.2,86.6,91.5,97.7,101.1,102.5,104.6,108.6,114.45,114.5,84.55,103.8,51
"396","Tucker, Kyle",94.1385135135135,80.48,87.76,92.2,94.12,96.35,98.18,100,101.64,105.03,107.865,108.1,90.375,100.6,148
"397","Turang, Brice",89.0887179487179,76.34,80.82,85.62,88.48,90.9,93.1,94.38,97,99.8,105.56,107.8,83.7,95.5,195
"398","Turner, Justin",90.0795555555556,76.3,81.98,86.42,90.16,92.6,94.24,96.08,98.2,100.92,104.804,106.8,84.3,97.1,225
"399","Turner, Trea",93.1851282051282,79,85.66,89.72,91.7,94.7,96.8,99.8,101.6,104.52,109.072,110.6,87.45,100.9,195
"400","Urshela, Gio",90.4033707865169,74.63,81.4,86.05,89.66,92.75,94.62,96.39,100.06,102.13,107.437,109,84.825,98.725,178
"401","Urías, Luis",94.7806451612903,79.2,88.3,91.5,93.1,98.4,101.4,102.4,104,105.6,106.57,106.6,90.25,103.2,31
"402","Urías, Ramón",93.7457142857143,80.94,84.4,90.86,93.38,95.4,97.74,99.4,101.64,104.34,107.284,109.5,89.6,100.2,105
"403","Valdez, Enmanuel",92.25,77.38,81.1,86.53,90.02,94.05,96.62,99.48,102.16,105.09,110.071,110.8,83.35,100.475,82
"404","Vargas, Ildemaro",89.3980582524272,76.16,81.18,84.8,87.78,90.4,92.64,95.48,97.24,99.5,106.57,108.5,83.65,96.3,103
"405","Vargas, Miguel",90.3101123595506,78.32,84.02,85.28,87.96,89.9,93.86,94.94,97.78,101.6,107.808,110.8,84.5,96.6,89
"406","Varsho, Daulton",91.606329113924,76.51,82.36,87.13,90.8,93.9,96,99.3,101.5,104.86,108.415,110.2,86.025,99.975,158
"407","Vaughn, Andrew",93.7725321888412,78.5,83.78,88.18,91.58,96.2,98.9,101.42,103.72,105.6,110.816,112.2,85.8,102.7,233
"408","Velázquez, Nelson",93.4402597402597,78.7,84.52,89.88,91.96,94.7,96.64,99.86,102.98,107.12,109.516,110.2,86.6,101.6,77
"409","Verdugo, Alex",91.5599078341014,76.76,83.86,87.1,89.34,92,95.22,97.72,100.88,104,109.124,110.7,85.6,99.5,217
"410","Vientos, Mark",95.9666666666667,78.64,87.5,91.8,95.5,99.1,101.42,104.34,106.2,108.52,112.497,113.2,90.7,105.75,138
"411","Volpe, Anthony",91.6293577981651,77.95,83.46,87.91,91.1,93.45,95.32,97.29,99.56,102.38,106.932,108.7,85.875,98.3,218
"412","Vázquez, Christian",91.5862903225807,76.81,84.36,88.33,91.52,93.7,96,97.91,99.24,101.57,107.141,108.8,85.975,98.4,124
"413","Wade Jr., LaMonte",94.7542857142857,81.03,87.82,90.67,93.46,95.5,98.18,100.91,103.6,106.83,109.361,109.9,89.6,102.4,140
"414","Wade, Tyler",85.1479166666667,72.5,77.32,78.89,84.28,87.2,89.52,90.79,95.1,97.17,100.636,101.2,78.375,94.225,48
"415","Wagner, Will",94.234375,82.65,89.44,92.55,94.06,96.35,99.22,100.27,102.66,104.24,108.232,109.1,91.8,101.55,32
"416","Walker, Christian",95.5270833333333,79.86,87.36,90.02,93.72,97.35,99.72,102.58,105.7,108.59,112.545,113.2,88.95,104.425,192
"417","Walker, Jordan",92.7173076923077,78.54,87.28,88.57,92.48,94.05,97.22,99.74,102.32,103.89,108.147,108.3,87.675,101.4,52
"418","Wallner, Matt",96.6361111111111,77.41,83.14,92.39,96.84,99.6,101.72,105.07,107.38,111.47,116.729,116.8,89.775,105.875,72
"419","Walls, Taylor",88.6177215189873,76.08,79.76,86,88.44,90.6,93.42,95.16,98.1,100.34,104.01,104.4,83.35,96.2,79
"420","Wells, Austin",93.1939189189189,76.6,84.46,89.83,92.48,95.05,97.72,100.49,102.3,104.43,109.354,111.2,87.9,101.425,148
"421","Westburg, Jordan",94.7680473372781,79.04,84.4,89.14,93.52,95.8,100.06,102.58,104.88,107.52,110.596,111.2,86.6,103.3,169
"422","Williams, Alika",87.3472222222222,73.25,79.8,84.35,86.1,87.4,90.6,93.95,97.7,101.65,107.835,108.5,82.525,95.55,36
"423","Wilson, Jacob",87.8189189189189,75.66,81.4,84.56,86.74,87.7,90.68,93.28,94.24,97.56,102.1,103.9,82.8,93.8,37
"424","Wilson, Weston",95.3266666666667,82.46,88.22,93.8,96.02,98.05,99.96,102.67,104.98,106.12,107.252,107.6,93.575,104.125,30
"425","Winker, Jesse",92.804054054054,75.21,84.46,89.1,92.58,94.85,97.64,99.8,102.6,105.66,108.659,109.2,87.25,101.225,148
"426","Winn, Masyn",89.3238866396761,74.18,80.16,84.1,86.98,90.2,93.26,96.18,98.88,103.34,108.616,111.1,82.6,97.85,247
"427","Wisdom, Patrick",95.0066666666667,78.26,85.26,90.81,94.72,96.6,100.36,102.65,105.54,109.81,111.933,112.7,88.175,103.475,60
"428","Witt Jr., Bobby",95.3321070234114,80.5,85.76,90.2,93.2,96.7,99.28,102.76,105.12,108.34,113.314,116.9,87.8,104.15,299
"429","Wong, Connor",90.7509554140127,72.96,79.32,85.42,90.48,93.1,96,99.02,102.4,104.54,108.532,109.1,81.3,100.5,157
"430","Wood, James",96.8701149425287,80.96,86.32,92.18,95.78,99.7,102.16,104.94,107.4,109.04,111.4,111.4,89.8,105.85,87
"431","Yastrzemski, Mike",94.0274390243902,79.98,86.18,90.68,93.4,95.25,98.08,100.5,102.82,104.85,107.737,108.2,89,101.725,164
"432","Yelich, Christian",96.178021978022,81.7,86.9,92.3,94.7,97,101.8,103.6,107.2,108.7,112.48,113.2,90.15,106,91
"433","Yepez, Juan",89.5573170731707,74.01,79.44,83.19,86.74,90.6,94.5,96.23,99.16,103.94,110.742,112.2,81.9,97.275,82
"434","Yoshida, Masataka",91.3168674698795,77.3,82.8,86.75,88.8,92.95,95.3,98.35,100.5,103.75,108.845,109.5,84.875,99.725,166
"435","Young, Jacob",89.5944827586207,73.54,80.22,87.1,89.36,91.5,94.38,96.1,98.58,100.92,103.236,104.1,83.6,97.4,145
"436","d'Arnaud, Travis",94.8401869158879,79.3,86.48,91.4,94.4,98,99.36,101.04,103,105.12,109.47,109.7,88.8,102.2,107
